PrimaryColor,myntra_IN
Black,0.2258331038281465
Blue,0.47411181492701737
Green,0.1250344257780226
Pink,0.0538419168273203
White,0.12117873863949326
